schema,table_name,table_type,column_name,ordinal_position,is_nullable,data_type,udt_name,full_type,character_maximum_length,numeric_precision,numeric_scale,datetime_precision,column_default,is_primary_key,primary_key_name,is_foreign_key,foreign_key_name,foreign_table_schema,foreign_table_name,foreign_column_name
fin,adjunto,TABLE,id,1,NO,bigint,int8,bigint,,64,0,,nextval('fin.adjunto_id_seq'::regclass),YES,adjunto_pkey,NO,,,,
fin,adjunto,TABLE,entidad,2,NO,character varying,varchar,character varying(40),40,,,,,NO,,NO,,,,
fin,adjunto,TABLE,entidad_id,3,NO,bigint,int8,bigint,,64,0,,,NO,,NO,,,,
fin,adjunto,TABLE,nombre,4,NO,character varying,varchar,character varying(220),220,,,,,NO,,NO,,,,
fin,adjunto,TABLE,mime,5,YES,character varying,varchar,character varying(120),120,,,,,NO,,NO,,,,
fin,adjunto,TABLE,storage_path,6,NO,character varying,varchar,character varying(500),500,,,,,NO,,NO,,,,
fin,adjunto,TABLE,hash_sha256,7,YES,character varying,varchar,character varying(80),80,,,,,NO,,NO,,,,
fin,adjunto,TABLE,created_at,8,NO,timestamp with time zone,timestamptz,timestamp with time zone(6),,,,6,now(),NO,,NO,,,,
fin,ap_documento,TABLE,id,1,NO,bigint,int8,bigint,,64,0,,nextval('fin.ap_documento_id_seq'::regclass),YES,ap_documento_pkey,NO,,,,
fin,ap_documento,TABLE,uuid,2,NO,uuid,uuid,uuid,,,,,gen_random_uuid(),NO,,NO,,,,
fin,ap_documento,TABLE,proveedor_id,3,NO,bigint,int8,bigint,,64,0,,,NO,,NO,,,,
fin,ap_documento,TABLE,tipo,4,NO,USER-DEFINED,ap_doc_tipo,USER-DEFINED::ap_doc_tipo,,,,,,NO,,NO,,,,
fin,ap_documento,TABLE,estado,5,NO,USER-DEFINED,ap_doc_estado,USER-DEFINED::ap_doc_estado,,,,,'BORRADOR'::fin.ap_doc_estado,NO,,NO,,,,
fin,ap_documento,TABLE,folio,6,NO,character varying,varchar,character varying(40),40,,,,,NO,,NO,,,,
fin,ap_documento,TABLE,fecha_emision,7,NO,date,date,date,,,,0,,NO,,NO,,,,
fin,ap_documento,TABLE,fecha_recepcion,8,YES,date,date,date,,,,0,,NO,,NO,,,,
fin,ap_documento,TABLE,fecha_vencimiento,9,NO,date,date,date,,,,0,,NO,,NO,,,,
fin,ap_documento,TABLE,moneda,10,NO,USER-DEFINED,moneda_iso,USER-DEFINED::moneda_iso,,,,,'CLP'::fin.moneda_iso,NO,,NO,,,,
fin,ap_documento,TABLE,tipo_cambio,11,NO,numeric,numeric,"numeric(18,6)",,18,6,,1,NO,,NO,,,,
fin,ap_documento,TABLE,neto,12,NO,numeric,numeric,"numeric(18,2)",,18,2,,0,NO,,NO,,,,
fin,ap_documento,TABLE,exento,13,NO,numeric,numeric,"numeric(18,2)",,18,2,,0,NO,,NO,,,,
fin,ap_documento,TABLE,iva,14,NO,numeric,numeric,"numeric(18,2)",,18,2,,0,NO,,NO,,,,
fin,ap_documento,TABLE,otros_impuestos,15,NO,numeric,numeric,"numeric(18,2)",,18,2,,0,NO,,NO,,,,
fin,ap_documento,TABLE,total,16,NO,numeric,numeric,"numeric(18,2)",,18,2,,0,NO,,NO,,,,
fin,ap_documento,TABLE,saldo_pendiente,17,NO,numeric,numeric,"numeric(18,2)",,18,2,,0,NO,,NO,,,,
fin,ap_documento,TABLE,referencia,18,YES,character varying,varchar,character varying(180),180,,,,,NO,,NO,,,,
fin,ap_documento,TABLE,observaciones,19,YES,text,text,text,,,,,,NO,,NO,,,,
fin,ap_documento,TABLE,created_at,20,NO,timestamp with time zone,timestamptz,timestamp with time zone(6),,,,6,now(),NO,,NO,,,,
fin,ap_documento,TABLE,updated_at,21,NO,timestamp with time zone,timestamptz,timestamp with time zone(6),,,,6,now(),NO,,NO,,,,
fin,ap_documento_detalle,TABLE,id,1,NO,bigint,int8,bigint,,64,0,,nextval('fin.ap_documento_detalle_id_seq'::regclass),YES,ap_documento_detalle_pkey,NO,,,,
fin,ap_documento_detalle,TABLE,documento_id,2,NO,bigint,int8,bigint,,64,0,,,NO,,NO,,,,
fin,ap_documento_detalle,TABLE,linea,3,NO,integer,int4,integer,,32,0,,,NO,,NO,,,,
fin,ap_documento_detalle,TABLE,descripcion,4,NO,character varying,varchar,character varying(260),260,,,,,NO,,NO,,,,
fin,ap_documento_detalle,TABLE,cantidad,5,NO,numeric,numeric,"numeric(18,6)",,18,6,,1,NO,,NO,,,,
fin,ap_documento_detalle,TABLE,precio_unitario,6,NO,numeric,numeric,"numeric(18,6)",,18,6,,0,NO,,NO,,,,
fin,ap_documento_detalle,TABLE,descuento,7,NO,numeric,numeric,"numeric(18,2)",,18,2,,0,NO,,NO,,,,
fin,ap_documento_detalle,TABLE,neto_linea,8,NO,numeric,numeric,"numeric(18,2)",,18,2,,0,NO,,NO,,,,
fin,ap_documento_detalle,TABLE,iva_linea,9,NO,numeric,numeric,"numeric(18,2)",,18,2,,0,NO,,NO,,,,
fin,ap_documento_detalle,TABLE,otros_impuestos,10,NO,numeric,numeric,"numeric(18,2)",,18,2,,0,NO,,NO,,,,
fin,ap_documento_detalle,TABLE,total_linea,11,NO,numeric,numeric,"numeric(18,2)",,18,2,,0,NO,,NO,,,,
fin,ap_documento_detalle,TABLE,categoria_gasto_id,12,YES,bigint,int8,bigint,,64,0,,,NO,,NO,,,,
fin,ap_documento_detalle,TABLE,centro_costo_id,13,YES,bigint,int8,bigint,,64,0,,,NO,,NO,,,,
fin,ap_documento_detalle,TABLE,created_at,14,NO,timestamp with time zone,timestamptz,timestamp with time zone(6),,,,6,now(),NO,,NO,,,,
fin,ap_documento_detalle,TABLE,updated_at,15,NO,timestamp with time zone,timestamptz,timestamp with time zone(6),,,,6,now(),NO,,NO,,,,
fin,ap_documento_impuesto,TABLE,id,1,NO,bigint,int8,bigint,,64,0,,nextval('fin.ap_documento_impuesto_id_seq'::regclass),YES,ap_documento_impuesto_pkey,NO,,,,
fin,ap_documento_impuesto,TABLE,documento_id,2,NO,bigint,int8,bigint,,64,0,,,NO,,NO,,,,
fin,ap_documento_impuesto,TABLE,tipo,3,NO,USER-DEFINED,impuesto_tipo,USER-DEFINED::impuesto_tipo,,,,,'OTRO'::fin.impuesto_tipo,NO,,NO,,,,
fin,ap_documento_impuesto,TABLE,codigo,4,YES,character varying,varchar,character varying(40),40,,,,,NO,,NO,,,,
fin,ap_documento_impuesto,TABLE,nombre,5,YES,character varying,varchar,character varying(120),120,,,,,NO,,NO,,,,
fin,ap_documento_impuesto,TABLE,monto,6,NO,numeric,numeric,"numeric(18,2)",,18,2,,0,NO,,NO,,,,
fin,ap_documento_impuesto,TABLE,created_at,7,NO,timestamp with time zone,timestamptz,timestamp with time zone(6),,,,6,now(),NO,,NO,,,,
fin,ap_pago,TABLE,id,1,NO,bigint,int8,bigint,,64,0,,nextval('fin.ap_pago_id_seq'::regclass),YES,ap_pago_pkey,NO,,,,
fin,ap_pago,TABLE,uuid,2,NO,uuid,uuid,uuid,,,,,gen_random_uuid(),NO,,NO,,,,
fin,ap_pago,TABLE,proveedor_id,3,NO,bigint,int8,bigint,,64,0,,,NO,,NO,,,,
fin,ap_pago,TABLE,estado,4,NO,USER-DEFINED,ap_pago_estado,USER-DEFINED::ap_pago_estado,,,,,'BORRADOR'::fin.ap_pago_estado,NO,,NO,,,,
fin,ap_pago,TABLE,fecha_pago,5,NO,date,date,date,,,,0,,NO,,NO,,,,
fin,ap_pago,TABLE,medio_pago,6,NO,USER-DEFINED,medio_pago,USER-DEFINED::medio_pago,,,,,'TRANSFERENCIA'::fin.medio_pago,NO,,NO,,,,
fin,ap_pago,TABLE,referencia,7,YES,character varying,varchar,character varying(180),180,,,,,NO,,NO,,,,
fin,ap_pago,TABLE,banco_proveedor_id,8,YES,bigint,int8,bigint,,64,0,,,NO,,NO,,,,
fin,ap_pago,TABLE,moneda,9,NO,USER-DEFINED,moneda_iso,USER-DEFINED::moneda_iso,,,,,'CLP'::fin.moneda_iso,NO,,NO,,,,
fin,ap_pago,TABLE,tipo_cambio,10,NO,numeric,numeric,"numeric(18,6)",,18,6,,1,NO,,NO,,,,
fin,ap_pago,TABLE,monto_total,11,NO,numeric,numeric,"numeric(18,2)",,18,2,,0,NO,,NO,,,,
fin,ap_pago,TABLE,observaciones,12,YES,text,text,text,,,,,,NO,,NO,,,,
fin,ap_pago,TABLE,created_at,13,NO,timestamp with time zone,timestamptz,timestamp with time zone(6),,,,6,now(),NO,,NO,,,,
fin,ap_pago,TABLE,updated_at,14,NO,timestamp with time zone,timestamptz,timestamp with time zone(6),,,,6,now(),NO,,NO,,,,
fin,ap_pago_aplicacion,TABLE,id,1,NO,bigint,int8,bigint,,64,0,,nextval('fin.ap_pago_aplicacion_id_seq'::regclass),YES,ap_pago_aplicacion_pkey,NO,,,,
fin,ap_pago_aplicacion,TABLE,pago_id,2,NO,bigint,int8,bigint,,64,0,,,NO,,NO,,,,
fin,ap_pago_aplicacion,TABLE,documento_id,3,NO,bigint,int8,bigint,,64,0,,,NO,,NO,,,,
fin,ap_pago_aplicacion,TABLE,monto_aplicado,4,NO,numeric,numeric,"numeric(18,2)",,18,2,,0,NO,,NO,,,,
fin,ap_pago_aplicacion,TABLE,created_at,5,NO,timestamp with time zone,timestamptz,timestamp with time zone(6),,,,6,now(),NO,,NO,,,,
fin,categoria_gasto,TABLE,id,1,NO,bigint,int8,bigint,,64,0,,nextval('fin.categoria_gasto_id_seq'::regclass),YES,categoria_gasto_pkey,NO,,,,
fin,categoria_gasto,TABLE,codigo,2,NO,character varying,varchar,character varying(30),30,,,,,NO,,NO,,,,
fin,categoria_gasto,TABLE,nombre,3,NO,character varying,varchar,character varying(160),160,,,,,NO,,NO,,,,
fin,categoria_gasto,TABLE,tipo,4,NO,USER-DEFINED,tipo_gasto,USER-DEFINED::tipo_gasto,,,,,'OPERACIONAL'::fin.tipo_gasto,NO,,NO,,,,
fin,categoria_gasto,TABLE,estado,5,NO,USER-DEFINED,estado_activo,USER-DEFINED::estado_activo,,,,,'ACTIVO'::fin.estado_activo,NO,,NO,,,,
fin,categoria_gasto,TABLE,created_at,6,NO,timestamp with time zone,timestamptz,timestamp with time zone(6),,,,6,now(),NO,,NO,,,,
fin,categoria_gasto,TABLE,updated_at,7,NO,timestamp with time zone,timestamptz,timestamp with time zone(6),,,,6,now(),NO,,NO,,,,
fin,centro_costo,TABLE,id,1,NO,bigint,int8,bigint,,64,0,,nextval('fin.centro_costo_id_seq'::regclass),YES,centro_costo_pkey,NO,,,,
fin,centro_costo,TABLE,codigo,2,NO,character varying,varchar,character varying(30),30,,,,,NO,,NO,,,,
fin,centro_costo,TABLE,nombre,3,NO,character varying,varchar,character varying(120),120,,,,,NO,,NO,,,,
fin,centro_costo,TABLE,estado,4,NO,USER-DEFINED,estado_activo,USER-DEFINED::estado_activo,,,,,'ACTIVO'::fin.estado_activo,NO,,NO,,,,
fin,centro_costo,TABLE,created_at,5,NO,timestamp with time zone,timestamptz,timestamp with time zone(6),,,,6,now(),NO,,NO,,,,
fin,centro_costo,TABLE,updated_at,6,NO,timestamp with time zone,timestamptz,timestamp with time zone(6),,,,6,now(),NO,,NO,,,,
fin,config_contable,TABLE,id,1,NO,bigint,int8,bigint,,64,0,,nextval('fin.config_contable_id_seq'::regclass),YES,config_contable_pkey,NO,,,,
fin,config_contable,TABLE,codigo_evento,2,NO,character varying,varchar,character varying(50),50,,,,,NO,,NO,,,,
fin,config_contable,TABLE,nombre_evento,3,NO,character varying,varchar,character varying(150),150,,,,,NO,,NO,,,,
fin,config_contable,TABLE,lado,4,NO,character varying,varchar,character varying(10),10,,,,,NO,,NO,,,,
fin,config_contable,TABLE,codigo_cuenta,5,NO,character varying,varchar,character varying(30),30,,,,,NO,,YES,fk_config_contable_plan_cuenta,fin,plan_cuenta,codigo
fin,config_contable,TABLE,orden,6,NO,integer,int4,integer,,32,0,,1,NO,,NO,,,,
fin,config_contable,TABLE,requiere_centro_costo,7,NO,boolean,bool,boolean,,,,,false,NO,,NO,,,,
fin,config_contable,TABLE,requiere_documento,8,NO,boolean,bool,boolean,,,,,false,NO,,NO,,,,
fin,config_contable,TABLE,estado,9,NO,character varying,varchar,character varying(20),20,,,,'ACTIVO'::character varying,NO,,NO,,,,
fin,config_contable,TABLE,descripcion,10,YES,text,text,text,,,,,,NO,,NO,,,,
fin,config_contable,TABLE,created_at,11,NO,timestamp without time zone,timestamp,timestamp without time zone(6),,,,6,now(),NO,,NO,,,,
fin,config_contable,TABLE,updated_at,12,NO,timestamp without time zone,timestamp,timestamp without time zone(6),,,,6,now(),NO,,NO,,,,
fin,config_contable_detalle_modulo,TABLE,id,1,NO,bigint,int8,bigint,,64,0,,nextval('fin.config_contable_detalle_modulo_id_seq'::regclass),YES,config_contable_detalle_modulo_pkey,NO,,,,
fin,config_contable_detalle_modulo,TABLE,modulo,2,NO,character varying,varchar,character varying(50),50,,,,,NO,,NO,,,,
fin,config_contable_detalle_modulo,TABLE,submodulo,3,YES,character varying,varchar,character varying(50),50,,,,,NO,,NO,,,,
fin,config_contable_detalle_modulo,TABLE,tipo_documento,4,YES,character varying,varchar,character varying(50),50,,,,,NO,,NO,,,,
fin,config_contable_detalle_modulo,TABLE,codigo_evento,5,NO,character varying,varchar,character varying(50),50,,,,,NO,,NO,,,,
fin,config_contable_detalle_modulo,TABLE,nombre_evento,6,NO,character varying,varchar,character varying(150),150,,,,,NO,,NO,,,,
fin,config_contable_detalle_modulo,TABLE,lado,7,NO,character varying,varchar,character varying(10),10,,,,,NO,,NO,,,,
fin,config_contable_detalle_modulo,TABLE,codigo_cuenta,8,NO,character varying,varchar,character varying(30),30,,,,,NO,,YES,fk_fin_cfg_modulo_plan_cuenta,fin,plan_cuenta,codigo
fin,config_contable_detalle_modulo,TABLE,orden,9,NO,integer,int4,integer,,32,0,,1,NO,,NO,,,,
fin,config_contable_detalle_modulo,TABLE,requiere_centro_costo,10,NO,boolean,bool,boolean,,,,,false,NO,,NO,,,,
fin,config_contable_detalle_modulo,TABLE,requiere_documento,11,NO,boolean,bool,boolean,,,,,false,NO,,NO,,,,
fin,config_contable_detalle_modulo,TABLE,requiere_cliente,12,NO,boolean,bool,boolean,,,,,false,NO,,NO,,,,
fin,config_contable_detalle_modulo,TABLE,requiere_proveedor,13,NO,boolean,bool,boolean,,,,,false,NO,,NO,,,,
fin,config_contable_detalle_modulo,TABLE,estado,14,NO,character varying,varchar,character varying(20),20,,,,'ACTIVO'::character varying,NO,,NO,,,,
fin,config_contable_detalle_modulo,TABLE,descripcion,15,YES,text,text,text,,,,,,NO,,NO,,,,
fin,config_contable_detalle_modulo,TABLE,created_at,16,NO,timestamp without time zone,timestamp,timestamp without time zone(6),,,,6,now(),NO,,NO,,,,
fin,config_contable_detalle_modulo,TABLE,updated_at,17,NO,timestamp without time zone,timestamp,timestamp without time zone(6),,,,6,now(),NO,,NO,,,,
fin,evento,TABLE,id,1,NO,bigint,int8,bigint,,64,0,,nextval('fin.evento_id_seq'::regclass),YES,evento_pkey,NO,,,,
fin,evento,TABLE,entidad,2,NO,character varying,varchar,character varying(40),40,,,,,NO,,NO,,,,
fin,evento,TABLE,entidad_id,3,NO,bigint,int8,bigint,,64,0,,,NO,,NO,,,,
fin,evento,TABLE,evento,4,NO,character varying,varchar,character varying(80),80,,,,,NO,,NO,,,,
fin,evento,TABLE,detalle,5,YES,text,text,text,,,,,,NO,,NO,,,,
fin,evento,TABLE,user_email,6,YES,USER-DEFINED,citext,USER-DEFINED::citext,,,,,,NO,,NO,,,,
fin,evento,TABLE,ip_origen,7,YES,character varying,varchar,character varying(80),80,,,,,NO,,NO,,,,
fin,evento,TABLE,created_at,8,NO,timestamp with time zone,timestamptz,timestamp with time zone(6),,,,6,now(),NO,,NO,,,,
fin,periodo,TABLE,id,1,NO,bigint,int8,bigint,,64,0,,nextval('fin.periodo_id_seq'::regclass),YES,periodo_pkey,NO,,,,
fin,periodo,TABLE,anio,2,NO,integer,int4,integer,,32,0,,,NO,,NO,,,,
fin,periodo,TABLE,mes,3,NO,integer,int4,integer,,32,0,,,NO,,NO,,,,
fin,periodo,TABLE,estado,4,NO,USER-DEFINED,periodo_estado,USER-DEFINED::periodo_estado,,,,,'ABIERTO'::fin.periodo_estado,NO,,NO,,,,
fin,periodo,TABLE,cerrado_at,5,YES,timestamp with time zone,timestamptz,timestamp with time zone(6),,,,6,,NO,,NO,,,,
fin,periodo,TABLE,cerrado_por,6,YES,USER-DEFINED,citext,USER-DEFINED::citext,,,,,,NO,,NO,,,,
fin,periodo,TABLE,notas,7,YES,text,text,text,,,,,,NO,,NO,,,,
fin,periodo,TABLE,created_at,8,NO,timestamp with time zone,timestamptz,timestamp with time zone(6),,,,6,now(),NO,,NO,,,,
fin,periodo,TABLE,updated_at,9,NO,timestamp with time zone,timestamptz,timestamp with time zone(6),,,,6,now(),NO,,NO,,,,
fin,plan_cuenta,TABLE,id,1,NO,bigint,int8,bigint,,64,0,,nextval('fin.plan_cuenta_id_seq'::regclass),YES,pk_plan_cuenta,NO,,,,
fin,plan_cuenta,TABLE,codigo,2,NO,character varying,varchar,character varying(30),30,,,,,NO,,NO,,,,
fin,plan_cuenta,TABLE,nombre,3,NO,character varying,varchar,character varying(180),180,,,,,NO,,NO,,,,
fin,plan_cuenta,TABLE,nivel,4,NO,integer,int4,integer,,32,0,,1,NO,,NO,,,,
fin,plan_cuenta,TABLE,cuenta_padre_id,5,YES,bigint,int8,bigint,,64,0,,,NO,,YES,fk_plan_cuenta_cuenta_padre_id_plan_cuenta,fin,plan_cuenta,id
fin,plan_cuenta,TABLE,tipo,6,NO,character varying,varchar,character varying(30),30,,,,,NO,,NO,,,,
fin,plan_cuenta,TABLE,clasificacion,7,NO,character varying,varchar,character varying(50),50,,,,,NO,,NO,,,,
fin,plan_cuenta,TABLE,naturaleza,8,NO,character varying,varchar,character varying(20),20,,,,,NO,,NO,,,,
fin,plan_cuenta,TABLE,acepta_movimiento,9,NO,boolean,bool,boolean,,,,,true,NO,,NO,,,,
fin,plan_cuenta,TABLE,requiere_centro_costo,10,NO,boolean,bool,boolean,,,,,false,NO,,NO,,,,
fin,plan_cuenta,TABLE,estado,11,NO,character varying,varchar,character varying(20),20,,,,'ACTIVO'::character varying,NO,,NO,,,,
fin,plan_cuenta,TABLE,descripcion,12,YES,text,text,text,,,,,,NO,,NO,,,,
fin,plan_cuenta,TABLE,created_at,13,NO,timestamp with time zone,timestamptz,timestamp with time zone(6),,,,6,now(),NO,,NO,,,,
fin,plan_cuenta,TABLE,updated_at,14,NO,timestamp with time zone,timestamptz,timestamp with time zone(6),,,,6,now(),NO,,NO,,,,
fin,proveedor_fin,TABLE,id,1,NO,bigint,int8,bigint,,64,0,,nextval('fin.proveedor_fin_id_seq'::regclass),YES,proveedor_fin_pkey,NO,,,,
fin,proveedor_fin,TABLE,proveedor_id,2,NO,bigint,int8,bigint,,64,0,,,NO,,NO,,,,
fin,proveedor_fin,TABLE,condicion_pago_dias,3,NO,integer,int4,integer,,32,0,,30,NO,,NO,,,,
fin,proveedor_fin,TABLE,limite_credito,4,NO,numeric,numeric,"numeric(18,2)",,18,2,,0,NO,,NO,,,,
fin,proveedor_fin,TABLE,estado,5,NO,USER-DEFINED,estado_simple,USER-DEFINED::estado_simple,,,,,'ACTIVO'::fin.estado_simple,NO,,NO,,,,
fin,proveedor_fin,TABLE,notas,6,YES,text,text,text,,,,,,NO,,NO,,,,
fin,proveedor_fin,TABLE,created_at,7,NO,timestamp with time zone,timestamptz,timestamp with time zone(6),,,,6,now(),NO,,NO,,,,
fin,proveedor_fin,TABLE,updated_at,8,NO,timestamp with time zone,timestamptz,timestamp with time zone(6),,,,6,now(),NO,,NO,,,,
fin,vw_config_contable,VIEW,id,1,YES,bigint,int8,bigint,,64,0,,,NO,,NO,,,,
fin,vw_config_contable,VIEW,codigo_evento,2,YES,character varying,varchar,character varying(50),50,,,,,NO,,NO,,,,
fin,vw_config_contable,VIEW,nombre_evento,3,YES,character varying,varchar,character varying(150),150,,,,,NO,,NO,,,,
fin,vw_config_contable,VIEW,lado,4,YES,character varying,varchar,character varying(10),10,,,,,NO,,NO,,,,
fin,vw_config_contable,VIEW,codigo_cuenta,5,YES,character varying,varchar,character varying(30),30,,,,,NO,,NO,,,,
fin,vw_config_contable,VIEW,nombre_cuenta,6,YES,character varying,varchar,character varying(180),180,,,,,NO,,NO,,,,
fin,vw_config_contable,VIEW,tipo,7,YES,character varying,varchar,character varying(30),30,,,,,NO,,NO,,,,
fin,vw_config_contable,VIEW,clasificacion,8,YES,character varying,varchar,character varying(50),50,,,,,NO,,NO,,,,
fin,vw_config_contable,VIEW,orden,9,YES,integer,int4,integer,,32,0,,,NO,,NO,,,,
fin,vw_config_contable,VIEW,requiere_centro_costo,10,YES,boolean,bool,boolean,,,,,,NO,,NO,,,,
fin,vw_config_contable,VIEW,requiere_documento,11,YES,boolean,bool,boolean,,,,,,NO,,NO,,,,
fin,vw_config_contable,VIEW,estado,12,YES,character varying,varchar,character varying(20),20,,,,,NO,,NO,,,,
fin,vw_config_contable,VIEW,descripcion,13,YES,text,text,text,,,,,,NO,,NO,,,,
fin,vw_config_contable_modulo,VIEW,id,1,YES,bigint,int8,bigint,,64,0,,,NO,,NO,,,,
fin,vw_config_contable_modulo,VIEW,modulo,2,YES,character varying,varchar,character varying(50),50,,,,,NO,,NO,,,,
fin,vw_config_contable_modulo,VIEW,submodulo,3,YES,character varying,varchar,character varying(50),50,,,,,NO,,NO,,,,
fin,vw_config_contable_modulo,VIEW,tipo_documento,4,YES,character varying,varchar,character varying(50),50,,,,,NO,,NO,,,,
fin,vw_config_contable_modulo,VIEW,codigo_evento,5,YES,character varying,varchar,character varying(50),50,,,,,NO,,NO,,,,
fin,vw_config_contable_modulo,VIEW,nombre_evento,6,YES,character varying,varchar,character varying(150),150,,,,,NO,,NO,,,,
fin,vw_config_contable_modulo,VIEW,lado,7,YES,character varying,varchar,character varying(10),10,,,,,NO,,NO,,,,
fin,vw_config_contable_modulo,VIEW,codigo_cuenta,8,YES,character varying,varchar,character varying(30),30,,,,,NO,,NO,,,,
fin,vw_config_contable_modulo,VIEW,nombre_cuenta,9,YES,character varying,varchar,character varying(180),180,,,,,NO,,NO,,,,
fin,vw_config_contable_modulo,VIEW,tipo,10,YES,character varying,varchar,character varying(30),30,,,,,NO,,NO,,,,
fin,vw_config_contable_modulo,VIEW,clasificacion,11,YES,character varying,varchar,character varying(50),50,,,,,NO,,NO,,,,
fin,vw_config_contable_modulo,VIEW,orden,12,YES,integer,int4,integer,,32,0,,,NO,,NO,,,,
fin,vw_config_contable_modulo,VIEW,requiere_centro_costo,13,YES,boolean,bool,boolean,,,,,,NO,,NO,,,,
fin,vw_config_contable_modulo,VIEW,requiere_documento,14,YES,boolean,bool,boolean,,,,,,NO,,NO,,,,
fin,vw_config_contable_modulo,VIEW,requiere_cliente,15,YES,boolean,bool,boolean,,,,,,NO,,NO,,,,
fin,vw_config_contable_modulo,VIEW,requiere_proveedor,16,YES,boolean,bool,boolean,,,,,,NO,,NO,,,,
fin,vw_config_contable_modulo,VIEW,estado,17,YES,character varying,varchar,character varying(20),20,,,,,NO,,NO,,,,
fin,vw_config_contable_modulo,VIEW,descripcion,18,YES,text,text,text,,,,,,NO,,NO,,,,
fin,vw_kpi_dashboard_fin,VIEW,docs_total,1,YES,bigint,int8,bigint,,64,0,,,NO,,NO,,,,
fin,vw_kpi_dashboard_fin,VIEW,monto_total,2,YES,numeric,numeric,"numeric(18,2)",,18,2,,,NO,,NO,,,,
fin,vw_kpi_dashboard_fin,VIEW,saldo_pendiente,3,YES,numeric,numeric,"numeric(18,2)",,18,2,,,NO,,NO,,,,
fin,vw_kpi_dashboard_fin,VIEW,saldo_vencido,4,YES,numeric,numeric,"numeric(18,2)",,18,2,,,NO,,NO,,,,
fin,vw_kpi_dashboard_fin,VIEW,pagado_mes,5,YES,numeric,numeric,"numeric(18,2)",,18,2,,,NO,,NO,,,,
fin,vw_kpi_dashboard_fin,VIEW,gasto_mes,6,YES,numeric,numeric,"numeric(18,2)",,18,2,,,NO,,NO,,,,
public,ap_documento_compra,TABLE,id,1,NO,bigint,int8,bigint,,64,0,,nextval('ap_documento_compra_id_seq'::regclass),YES,ap_documento_compra_pkey,NO,,,,
public,ap_documento_compra,TABLE,proveedor_id,2,NO,bigint,int8,bigint,,64,0,,,NO,,NO,,,,
public,ap_documento_compra,TABLE,tipo,3,NO,USER-DEFINED,ap_documento_tipo,USER-DEFINED::ap_documento_tipo,,,,,,NO,,NO,,,,
public,ap_documento_compra,TABLE,estado,4,NO,USER-DEFINED,ap_estado_documento,USER-DEFINED::ap_estado_documento,,,,,'BORRADOR'::ap_estado_documento,NO,,NO,,,,
public,ap_documento_compra,TABLE,folio,5,NO,character varying,varchar,character varying(40),40,,,,,NO,,NO,,,,
public,ap_documento_compra,TABLE,fecha_emision,6,NO,date,date,date,,,,0,,NO,,NO,,,,
public,ap_documento_compra,TABLE,fecha_recepcion,7,YES,date,date,date,,,,0,,NO,,NO,,,,
public,ap_documento_compra,TABLE,fecha_vencimiento,8,NO,date,date,date,,,,0,,NO,,NO,,,,
public,ap_documento_compra,TABLE,moneda,9,NO,character varying,varchar,character varying(10),10,,,,'CLP'::character varying,NO,,NO,,,,
public,ap_documento_compra,TABLE,tipo_cambio,10,NO,numeric,numeric,"numeric(18,6)",,18,6,,1,NO,,NO,,,,
public,ap_documento_compra,TABLE,neto,11,NO,numeric,numeric,"numeric(18,2)",,18,2,,0,NO,,NO,,,,
public,ap_documento_compra,TABLE,exento,12,NO,numeric,numeric,"numeric(18,2)",,18,2,,0,NO,,NO,,,,
public,ap_documento_compra,TABLE,iva,13,NO,numeric,numeric,"numeric(18,2)",,18,2,,0,NO,,NO,,,,
public,ap_documento_compra,TABLE,otros_impuestos,14,NO,numeric,numeric,"numeric(18,2)",,18,2,,0,NO,,NO,,,,
public,ap_documento_compra,TABLE,total,15,NO,numeric,numeric,"numeric(18,2)",,18,2,,0,NO,,NO,,,,
public,ap_documento_compra,TABLE,saldo_pendiente,16,NO,numeric,numeric,"numeric(18,2)",,18,2,,0,NO,,NO,,,,
public,ap_documento_compra,TABLE,referencia,17,YES,character varying,varchar,character varying(180),180,,,,,NO,,NO,,,,
public,ap_documento_compra,TABLE,observaciones,18,YES,text,text,text,,,,,,NO,,NO,,,,
public,ap_documento_compra,TABLE,created_at,19,NO,timestamp with time zone,timestamptz,timestamp with time zone(6),,,,6,now(),NO,,NO,,,,
public,ap_documento_compra,TABLE,updated_at,20,NO,timestamp with time zone,timestamptz,timestamp with time zone(6),,,,6,now(),NO,,NO,,,,
public,ap_documento_compra_detalle,TABLE,id,1,NO,bigint,int8,bigint,,64,0,,nextval('ap_documento_compra_detalle_id_seq'::regclass),YES,ap_documento_compra_detalle_pkey,NO,,,,
public,ap_documento_compra_detalle,TABLE,documento_id,2,NO,bigint,int8,bigint,,64,0,,,NO,,NO,,,,
public,ap_documento_compra_detalle,TABLE,linea,3,NO,integer,int4,integer,,32,0,,,NO,,NO,,,,
public,ap_documento_compra_detalle,TABLE,descripcion,4,NO,character varying,varchar,character varying(260),260,,,,,NO,,NO,,,,
public,ap_documento_compra_detalle,TABLE,cantidad,5,NO,numeric,numeric,"numeric(18,6)",,18,6,,1,NO,,NO,,,,
public,ap_documento_compra_detalle,TABLE,precio_unitario,6,NO,numeric,numeric,"numeric(18,6)",,18,6,,0,NO,,NO,,,,
public,ap_documento_compra_detalle,TABLE,descuento,7,NO,numeric,numeric,"numeric(18,2)",,18,2,,0,NO,,NO,,,,
public,ap_documento_compra_detalle,TABLE,neto_linea,8,NO,numeric,numeric,"numeric(18,2)",,18,2,,0,NO,,NO,,,,
public,ap_documento_compra_detalle,TABLE,iva_linea,9,NO,numeric,numeric,"numeric(18,2)",,18,2,,0,NO,,NO,,,,
public,ap_documento_compra_detalle,TABLE,otros_impuestos,10,NO,numeric,numeric,"numeric(18,2)",,18,2,,0,NO,,NO,,,,
public,ap_documento_compra_detalle,TABLE,total_linea,11,NO,numeric,numeric,"numeric(18,2)",,18,2,,0,NO,,NO,,,,
public,ap_documento_compra_detalle,TABLE,categoria_gasto_id,12,YES,bigint,int8,bigint,,64,0,,,NO,,NO,,,,
public,ap_documento_compra_detalle,TABLE,centro_costo_id,13,YES,bigint,int8,bigint,,64,0,,,NO,,NO,,,,
public,ap_documento_compra_detalle,TABLE,created_at,14,NO,timestamp with time zone,timestamptz,timestamp with time zone(6),,,,6,now(),NO,,NO,,,,
public,ap_documento_compra_detalle,TABLE,updated_at,15,NO,timestamp with time zone,timestamptz,timestamp with time zone(6),,,,6,now(),NO,,NO,,,,
public,ap_pago,TABLE,id,1,NO,bigint,int8,bigint,,64,0,,nextval('ap_pago_id_seq'::regclass),YES,ap_pago_pkey,NO,,,,
public,ap_pago,TABLE,proveedor_id,2,NO,bigint,int8,bigint,,64,0,,,NO,,NO,,,,
public,ap_pago,TABLE,estado,3,NO,USER-DEFINED,ap_estado_pago,USER-DEFINED::ap_estado_pago,,,,,'BORRADOR'::ap_estado_pago,NO,,NO,,,,
public,ap_pago,TABLE,fecha_pago,4,NO,date,date,date,,,,0,,NO,,NO,,,,
public,ap_pago,TABLE,medio_pago,5,NO,USER-DEFINED,fin_medio_pago,USER-DEFINED::fin_medio_pago,,,,,'TRANSFERENCIA'::fin_medio_pago,NO,,NO,,,,
public,ap_pago,TABLE,referencia,6,YES,character varying,varchar,character varying(180),180,,,,,NO,,NO,,,,
public,ap_pago,TABLE,moneda,7,NO,character varying,varchar,character varying(10),10,,,,'CLP'::character varying,NO,,NO,,,,
public,ap_pago,TABLE,tipo_cambio,8,NO,numeric,numeric,"numeric(18,6)",,18,6,,1,NO,,NO,,,,
public,ap_pago,TABLE,monto_total,9,NO,numeric,numeric,"numeric(18,2)",,18,2,,0,NO,,NO,,,,
public,ap_pago,TABLE,observaciones,10,YES,text,text,text,,,,,,NO,,NO,,,,
public,ap_pago,TABLE,created_at,11,NO,timestamp with time zone,timestamptz,timestamp with time zone(6),,,,6,now(),NO,,NO,,,,
public,ap_pago,TABLE,updated_at,12,NO,timestamp with time zone,timestamptz,timestamp with time zone(6),,,,6,now(),NO,,NO,,,,
public,ap_pago_aplicacion,TABLE,id,1,NO,bigint,int8,bigint,,64,0,,nextval('ap_pago_aplicacion_id_seq'::regclass),YES,ap_pago_aplicacion_pkey,NO,,,,
public,ap_pago_aplicacion,TABLE,pago_id,2,NO,bigint,int8,bigint,,64,0,,,NO,,NO,,,,
public,ap_pago_aplicacion,TABLE,documento_id,3,NO,bigint,int8,bigint,,64,0,,,NO,,NO,,,,
public,ap_pago_aplicacion,TABLE,monto_aplicado,4,NO,numeric,numeric,"numeric(18,2)",,18,2,,0,NO,,NO,,,,
public,ap_pago_aplicacion,TABLE,created_at,5,NO,timestamp with time zone,timestamptz,timestamp with time zone(6),,,,6,now(),NO,,NO,,,,
public,asientos_contables,TABLE,id,1,NO,bigint,int8,bigint,,64,0,,nextval('asientos_contables_id_seq'::regclass),YES,asientos_contables_pkey,NO,,,,
public,asientos_contables,TABLE,fecha,2,NO,date,date,date,,,,0,,NO,,NO,,,,
public,asientos_contables,TABLE,descripcion,3,YES,text,text,text,,,,,,NO,,NO,,,,
public,asientos_contables,TABLE,origen_tipo,4,YES,character varying,varchar,character varying(30),30,,,,,NO,,NO,,,,
public,asientos_contables,TABLE,origen_id,5,YES,bigint,int8,bigint,,64,0,,,NO,,NO,,,,
public,asientos_contables,TABLE,fecha_creacion,6,NO,timestamp without time zone,timestamp,timestamp without time zone(6),,,,6,,NO,,NO,,,,
public,asientos_contables,TABLE,glosa,7,YES,character varying,varchar,character varying(255),255,,,,,NO,,NO,,,,
public,asientos_detalle,TABLE,id,1,NO,bigint,int8,bigint,,64,0,,nextval('asientos_detalle_id_seq'::regclass),YES,asientos_detalle_pkey,NO,,,,
public,asientos_detalle,TABLE,asiento_id,2,NO,bigint,int8,bigint,,64,0,,,NO,,YES,asientos_detalle_asiento_id_fkey,public,asientos_contables,id
public,asientos_detalle,TABLE,cuenta_contable,3,YES,character varying,varchar,character varying(50),50,,,,,NO,,NO,,,,
public,asientos_detalle,TABLE,descripcion,4,YES,character varying,varchar,character varying(255),255,,,,,NO,,NO,,,,
public,asientos_detalle,TABLE,debe,5,NO,numeric,numeric,"numeric(14,2)",,14,2,,,NO,,NO,,,,
public,asientos_detalle,TABLE,haber,6,NO,numeric,numeric,"numeric(14,2)",,14,2,,,NO,,NO,,,,
public,asientos_detalle,TABLE,codigo_cuenta,7,NO,character varying,varchar,character varying(20),20,,,,,NO,,NO,,,,
public,asientos_detalle,TABLE,nombre_cuenta,8,NO,character varying,varchar,character varying(255),255,,,,,NO,,NO,,,,
public,cajas,TABLE,id,1,NO,bigint,int8,bigint,,64,0,,nextval('cajas_id_seq'::regclass),YES,cajas_pkey,NO,,,,
public,cajas,TABLE,nombre,2,NO,character varying,varchar,character varying(100),100,,,,,NO,,NO,,,,
public,cajas,TABLE,descripcion,3,YES,character varying,varchar,character varying(255),255,,,,,NO,,NO,,,,
public,cajas,TABLE,saldo_inicial,4,NO,numeric,numeric,"numeric(14,2)",,14,2,,,NO,,NO,,,,
public,cajas,TABLE,saldo_actual,5,NO,numeric,numeric,"numeric(14,2)",,14,2,,,NO,,NO,,,,
public,cajas,TABLE,fecha_apertura,6,YES,timestamp without time zone,timestamp,timestamp without time zone(6),,,,6,,NO,,NO,,,,
public,cajas,TABLE,fecha_cierre,7,YES,timestamp without time zone,timestamp,timestamp without time zone(6),,,,6,,NO,,NO,,,,
public,cajas,TABLE,estado,8,NO,character varying,varchar,character varying(20),20,,,,,NO,,NO,,,,
public,cajas,TABLE,activa,9,NO,boolean,bool,boolean,,,,,,NO,,NO,,,,
public,categorias_producto,TABLE,id,1,NO,bigint,int8,bigint,,64,0,,nextval('categorias_producto_id_seq'::regclass),YES,categorias_producto_pkey,NO,,,,
public,categorias_producto,TABLE,nombre,2,NO,character varying,varchar,character varying(150),150,,,,,NO,,NO,,,,
public,categorias_producto,TABLE,descripcion,3,YES,text,text,text,,,,,,NO,,NO,,,,
public,categorias_producto,TABLE,activo,4,NO,boolean,bool,boolean,,,,,,NO,,NO,,,,
public,categorias_producto,TABLE,fecha_creacion,5,NO,timestamp without time zone,timestamp,timestamp without time zone(6),,,,6,,NO,,NO,,,,
public,clientes,TABLE,id,1,NO,bigint,int8,bigint,,64,0,,nextval('clientes_id_seq'::regclass),YES,clientes_pkey,NO,,,,
public,clientes,TABLE,rut,2,NO,character varying,varchar,character varying(20),20,,,,,NO,,NO,,,,
public,clientes,TABLE,razon_social,3,NO,character varying,varchar,character varying(200),200,,,,,NO,,NO,,,,
public,clientes,TABLE,nombre_fantasia,4,YES,character varying,varchar,character varying(200),200,,,,,NO,,NO,,,,
public,clientes,TABLE,giro,5,YES,character varying,varchar,character varying(200),200,,,,,NO,,NO,,,,
public,clientes,TABLE,direccion,6,YES,character varying,varchar,character varying(250),250,,,,,NO,,NO,,,,
public,clientes,TABLE,comuna,7,YES,character varying,varchar,character varying(100),100,,,,,NO,,NO,,,,
public,clientes,TABLE,ciudad,8,YES,character varying,varchar,character varying(100),100,,,,,NO,,NO,,,,
public,clientes,TABLE,telefono,9,YES,character varying,varchar,character varying(50),50,,,,,NO,,NO,,,,
public,clientes,TABLE,email,10,YES,character varying,varchar,character varying(150),150,,,,,NO,,NO,,,,
public,clientes,TABLE,activo,11,NO,boolean,bool,boolean,,,,,,NO,,NO,,,,
public,clientes,TABLE,fecha_creacion,12,NO,timestamp without time zone,timestamp,timestamp without time zone(6),,,,6,,NO,,NO,,,,
public,clientes,TABLE,fecha_actualizacion,13,NO,timestamp without time zone,timestamp,timestamp without time zone(6),,,,6,,NO,,NO,,,,
public,cuentas_por_cobrar,TABLE,id,1,NO,bigint,int8,bigint,,64,0,,nextval('cuentas_por_cobrar_id_seq'::regclass),YES,cuentas_por_cobrar_pkey,NO,,,,
public,cuentas_por_cobrar,TABLE,cliente_id,2,NO,bigint,int8,bigint,,64,0,,,NO,,YES,cuentas_por_cobrar_cliente_id_fkey,public,clientes,id
public,cuentas_por_cobrar,TABLE,nota_venta_id,3,YES,bigint,int8,bigint,,64,0,,,NO,,YES,cuentas_por_cobrar_nota_venta_id_fkey,public,notas_venta,id
public,cuentas_por_cobrar,TABLE,fecha_emision,4,NO,date,date,date,,,,0,,NO,,NO,,,,
public,cuentas_por_cobrar,TABLE,fecha_vencimiento,5,NO,date,date,date,,,,0,,NO,,NO,,,,
public,cuentas_por_cobrar,TABLE,monto_original,6,NO,numeric,numeric,"numeric(14,2)",,14,2,,,NO,,NO,,,,
public,cuentas_por_cobrar,TABLE,saldo_pendiente,7,NO,numeric,numeric,"numeric(14,2)",,14,2,,,NO,,NO,,,,
public,cuentas_por_cobrar,TABLE,estado,8,NO,character varying,varchar,character varying(20),20,,,,,NO,,NO,,,,
public,cuentas_por_cobrar,TABLE,observacion,9,YES,text,text,text,,,,,,NO,,NO,,,,
public,cuentas_por_cobrar,TABLE,fecha_creacion,10,NO,timestamp without time zone,timestamp,timestamp without time zone(6),,,,6,,NO,,NO,,,,
public,cuentas_por_cobrar,TABLE,fecha_actualizacion,11,NO,timestamp without time zone,timestamp,timestamp without time zone(6),,,,6,,NO,,NO,,,,
public,cuentas_por_cobrar,TABLE,razon_social,12,YES,character varying,varchar,character varying(255),255,,,,,NO,,NO,,,,
public,cuentas_por_pagar,TABLE,id,1,NO,bigint,int8,bigint,,64,0,,nextval('cuentas_por_pagar_id_seq'::regclass),YES,cuentas_por_pagar_pkey,NO,,,,
public,cuentas_por_pagar,TABLE,proveedor_id,2,NO,bigint,int8,bigint,,64,0,,,NO,,YES,cuentas_por_pagar_proveedor_id_fkey,public,proveedores,id
public,cuentas_por_pagar,TABLE,factura_compra_id,3,YES,bigint,int8,bigint,,64,0,,,NO,,YES,cuentas_por_pagar_factura_compra_id_fkey,public,facturas_compra,id
public,cuentas_por_pagar,TABLE,fecha_emision,4,NO,date,date,date,,,,0,,NO,,NO,,,,
public,cuentas_por_pagar,TABLE,fecha_vencimiento,5,NO,date,date,date,,,,0,,NO,,NO,,,,
public,cuentas_por_pagar,TABLE,monto_original,6,NO,numeric,numeric,"numeric(14,2)",,14,2,,,NO,,NO,,,,
public,cuentas_por_pagar,TABLE,saldo_pendiente,7,NO,numeric,numeric,"numeric(14,2)",,14,2,,,NO,,NO,,,,
public,cuentas_por_pagar,TABLE,estado,8,NO,character varying,varchar,character varying(20),20,,,,,NO,,NO,,,,
public,cuentas_por_pagar,TABLE,observacion,9,YES,text,text,text,,,,,,NO,,NO,,,,
public,cuentas_por_pagar,TABLE,fecha_creacion,10,NO,timestamp without time zone,timestamp,timestamp without time zone(6),,,,6,,NO,,NO,,,,
public,cuentas_por_pagar,TABLE,fecha_actualizacion,11,NO,timestamp without time zone,timestamp,timestamp without time zone(6),,,,6,,NO,,NO,,,,
public,email_log,TABLE,id,1,NO,integer,int4,integer,,32,0,,nextval('email_log_id_seq'::regclass),YES,email_log_pkey,NO,,,,
public,email_log,TABLE,created_at,2,NO,timestamp without time zone,timestamp,timestamp without time zone(6),,,,6,CURRENT_TIMESTAMP,NO,,NO,,,,
public,email_log,TABLE,modulo,3,NO,character varying,varchar,character varying(50),50,,,,'COBRANZA'::character varying,NO,,NO,,,,
public,email_log,TABLE,evento,4,NO,character varying,varchar,character varying(50),50,,,,'RECORDATORIO'::character varying,NO,,NO,,,,
public,email_log,TABLE,cliente_id,5,YES,integer,int4,integer,,32,0,,,NO,,NO,,,,
public,email_log,TABLE,cxc_id,6,YES,integer,int4,integer,,32,0,,,NO,,NO,,,,
public,email_log,TABLE,to_email,7,NO,character varying,varchar,character varying(255),255,,,,,NO,,NO,,,,
public,email_log,TABLE,subject,8,NO,character varying,varchar,character varying(255),255,,,,,NO,,NO,,,,
public,email_log,TABLE,include_detalle,9,NO,boolean,bool,boolean,,,,,true,NO,,NO,,,,
public,email_log,TABLE,status,10,NO,character varying,varchar,character varying(20),20,,,,'PENDIENTE'::character varying,NO,,NO,,,,
public,email_log,TABLE,sent_at,11,YES,timestamp without time zone,timestamp,timestamp without time zone(6),,,,6,,NO,,NO,,,,
public,email_log,TABLE,error_message,12,YES,text,text,text,,,,,,NO,,NO,,,,
public,email_log,TABLE,meta_json,13,YES,text,text,text,,,,,,NO,,NO,,,,
public,facturas_compra,TABLE,id,1,NO,bigint,int8,bigint,,64,0,,nextval('facturas_compra_id_seq'::regclass),YES,facturas_compra_pkey,NO,,,,
public,facturas_compra,TABLE,proveedor_id,2,NO,bigint,int8,bigint,,64,0,,,NO,,YES,facturas_compra_proveedor_id_fkey,public,proveedores,id
public,facturas_compra,TABLE,numero_documento,3,NO,character varying,varchar,character varying(50),50,,,,,NO,,NO,,,,
public,facturas_compra,TABLE,fecha_emision,4,NO,date,date,date,,,,0,,NO,,NO,,,,
public,facturas_compra,TABLE,fecha_vencimiento,5,YES,date,date,date,,,,0,,NO,,NO,,,,
public,facturas_compra,TABLE,neto,6,NO,numeric,numeric,"numeric(14,2)",,14,2,,,NO,,NO,,,,
public,facturas_compra,TABLE,iva,7,NO,numeric,numeric,"numeric(14,2)",,14,2,,,NO,,NO,,,,
public,facturas_compra,TABLE,total,8,NO,numeric,numeric,"numeric(14,2)",,14,2,,,NO,,NO,,,,
public,facturas_compra,TABLE,estado,9,NO,character varying,varchar,character varying(20),20,,,,,NO,,NO,,,,
public,facturas_compra,TABLE,observacion,10,YES,text,text,text,,,,,,NO,,NO,,,,
public,facturas_compra,TABLE,fecha_creacion,11,NO,timestamp without time zone,timestamp,timestamp without time zone(6),,,,6,,NO,,NO,,,,
public,facturas_compra,TABLE,fecha_actualizacion,12,NO,timestamp without time zone,timestamp,timestamp without time zone(6),,,,6,,NO,,NO,,,,
public,facturas_compra_detalle,TABLE,id,1,NO,bigint,int8,bigint,,64,0,,nextval('facturas_compra_detalle_id_seq'::regclass),YES,facturas_compra_detalle_pkey,NO,,,,
public,facturas_compra_detalle,TABLE,factura_compra_id,2,NO,bigint,int8,bigint,,64,0,,,NO,,YES,facturas_compra_detalle_factura_compra_id_fkey,public,facturas_compra,id
public,facturas_compra_detalle,TABLE,producto_id,3,YES,bigint,int8,bigint,,64,0,,,NO,,YES,facturas_compra_detalle_producto_id_fkey,public,productos,id
public,facturas_compra_detalle,TABLE,descripcion,4,YES,character varying,varchar,character varying(250),250,,,,,NO,,NO,,,,
public,facturas_compra_detalle,TABLE,cantidad,5,NO,numeric,numeric,"numeric(14,2)",,14,2,,,NO,,NO,,,,
public,facturas_compra_detalle,TABLE,costo_unitario,6,NO,numeric,numeric,"numeric(14,4)",,14,4,,,NO,,NO,,,,
public,facturas_compra_detalle,TABLE,subtotal,7,NO,numeric,numeric,"numeric(14,2)",,14,2,,,NO,,NO,,,,
public,fin_adjunto,TABLE,id,1,NO,bigint,int8,bigint,,64,0,,nextval('fin_adjunto_id_seq'::regclass),YES,fin_adjunto_pkey,NO,,,,
public,fin_adjunto,TABLE,entidad,2,NO,character varying,varchar,character varying(40),40,,,,,NO,,NO,,,,
public,fin_adjunto,TABLE,entidad_id,3,NO,bigint,int8,bigint,,64,0,,,NO,,NO,,,,
public,fin_adjunto,TABLE,nombre,4,NO,character varying,varchar,character varying(220),220,,,,,NO,,NO,,,,
public,fin_adjunto,TABLE,mime,5,YES,character varying,varchar,character varying(120),120,,,,,NO,,NO,,,,
public,fin_adjunto,TABLE,storage_path,6,NO,character varying,varchar,character varying(500),500,,,,,NO,,NO,,,,
public,fin_adjunto,TABLE,hash_sha256,7,YES,character varying,varchar,character varying(80),80,,,,,NO,,NO,,,,
public,fin_adjunto,TABLE,created_at,8,NO,timestamp with time zone,timestamptz,timestamp with time zone(6),,,,6,now(),NO,,NO,,,,
public,fin_categoria_gasto,TABLE,id,1,NO,bigint,int8,bigint,,64,0,,nextval('fin_categoria_gasto_id_seq'::regclass),YES,fin_categoria_gasto_pkey,NO,,,,
public,fin_categoria_gasto,TABLE,codigo,2,NO,character varying,varchar,character varying(30),30,,,,,NO,,NO,,,,
public,fin_categoria_gasto,TABLE,nombre,3,NO,character varying,varchar,character varying(160),160,,,,,NO,,NO,,,,
public,fin_categoria_gasto,TABLE,tipo,4,NO,USER-DEFINED,fin_tipo_gasto,USER-DEFINED::fin_tipo_gasto,,,,,'OPERACIONAL'::fin_tipo_gasto,NO,,NO,,,,
public,fin_categoria_gasto,TABLE,activo,5,NO,boolean,bool,boolean,,,,,true,NO,,NO,,,,
public,fin_categoria_gasto,TABLE,created_at,6,NO,timestamp with time zone,timestamptz,timestamp with time zone(6),,,,6,now(),NO,,NO,,,,
public,fin_categoria_gasto,TABLE,updated_at,7,NO,timestamp with time zone,timestamptz,timestamp with time zone(6),,,,6,now(),NO,,NO,,,,
public,fin_centro_costo,TABLE,id,1,NO,bigint,int8,bigint,,64,0,,nextval('fin_centro_costo_id_seq'::regclass),YES,fin_centro_costo_pkey,NO,,,,
public,fin_centro_costo,TABLE,codigo,2,NO,character varying,varchar,character varying(30),30,,,,,NO,,NO,,,,
public,fin_centro_costo,TABLE,nombre,3,NO,character varying,varchar,character varying(120),120,,,,,NO,,NO,,,,
public,fin_centro_costo,TABLE,activo,4,NO,boolean,bool,boolean,,,,,true,NO,,NO,,,,
public,fin_centro_costo,TABLE,created_at,5,NO,timestamp with time zone,timestamptz,timestamp with time zone(6),,,,6,now(),NO,,NO,,,,
public,fin_centro_costo,TABLE,updated_at,6,NO,timestamp with time zone,timestamptz,timestamp with time zone(6),,,,6,now(),NO,,NO,,,,
public,fin_evento,TABLE,id,1,NO,bigint,int8,bigint,,64,0,,nextval('fin_evento_id_seq'::regclass),YES,fin_evento_pkey,NO,,,,
public,fin_evento,TABLE,entidad,2,NO,character varying,varchar,character varying(40),40,,,,,NO,,NO,,,,
public,fin_evento,TABLE,entidad_id,3,NO,bigint,int8,bigint,,64,0,,,NO,,NO,,,,
public,fin_evento,TABLE,evento,4,NO,character varying,varchar,character varying(80),80,,,,,NO,,NO,,,,
public,fin_evento,TABLE,detalle,5,YES,text,text,text,,,,,,NO,,NO,,,,
public,fin_evento,TABLE,user_email,6,YES,character varying,varchar,character varying(180),180,,,,,NO,,NO,,,,
public,fin_evento,TABLE,ip_origen,7,YES,character varying,varchar,character varying(80),80,,,,,NO,,NO,,,,
public,fin_evento,TABLE,created_at,8,NO,timestamp with time zone,timestamptz,timestamp with time zone(6),,,,6,now(),NO,,NO,,,,
public,fin_gasto,TABLE,id,1,NO,bigint,int8,bigint,,64,0,,nextval('fin_gasto_id_seq'::regclass),YES,fin_gasto_pkey,NO,,,,
public,fin_gasto,TABLE,estado,2,NO,USER-DEFINED,fin_estado_gasto,USER-DEFINED::fin_estado_gasto,,,,,'BORRADOR'::fin_estado_gasto,NO,,NO,,,,
public,fin_gasto,TABLE,fecha,3,NO,date,date,date,,,,0,,NO,,NO,,,,
public,fin_gasto,TABLE,proveedor_id,4,YES,bigint,int8,bigint,,64,0,,,NO,,NO,,,,
public,fin_gasto,TABLE,documento_ref,5,YES,character varying,varchar,character varying(80),80,,,,,NO,,NO,,,,
public,fin_gasto,TABLE,categoria_gasto_id,6,NO,bigint,int8,bigint,,64,0,,,NO,,NO,,,,
public,fin_gasto,TABLE,centro_costo_id,7,YES,bigint,int8,bigint,,64,0,,,NO,,NO,,,,
public,fin_gasto,TABLE,medio_pago,8,NO,USER-DEFINED,fin_medio_pago,USER-DEFINED::fin_medio_pago,,,,,'OTRO'::fin_medio_pago,NO,,NO,,,,
public,fin_gasto,TABLE,moneda,9,NO,character varying,varchar,character varying(10),10,,,,'CLP'::character varying,NO,,NO,,,,
public,fin_gasto,TABLE,tipo_cambio,10,NO,numeric,numeric,"numeric(18,6)",,18,6,,1,NO,,NO,,,,
public,fin_gasto,TABLE,neto,11,NO,numeric,numeric,"numeric(18,2)",,18,2,,0,NO,,NO,,,,
public,fin_gasto,TABLE,exento,12,NO,numeric,numeric,"numeric(18,2)",,18,2,,0,NO,,NO,,,,
public,fin_gasto,TABLE,iva,13,NO,numeric,numeric,"numeric(18,2)",,18,2,,0,NO,,NO,,,,
public,fin_gasto,TABLE,otros_impuestos,14,NO,numeric,numeric,"numeric(18,2)",,18,2,,0,NO,,NO,,,,
public,fin_gasto,TABLE,total,15,NO,numeric,numeric,"numeric(18,2)",,18,2,,0,NO,,NO,,,,
public,fin_gasto,TABLE,descripcion,16,NO,character varying,varchar,character varying(260),260,,,,,NO,,NO,,,,
public,fin_gasto,TABLE,observaciones,17,YES,text,text,text,,,,,,NO,,NO,,,,
public,fin_gasto,TABLE,created_at,18,NO,timestamp with time zone,timestamptz,timestamp with time zone(6),,,,6,now(),NO,,NO,,,,
public,fin_gasto,TABLE,updated_at,19,NO,timestamp with time zone,timestamptz,timestamp with time zone(6),,,,6,now(),NO,,NO,,,,
public,inventario_movimientos,TABLE,id,1,NO,bigint,int8,bigint,,64,0,,nextval('inventario_movimientos_id_seq'::regclass),YES,inventario_movimientos_pkey,NO,,,,
public,inventario_movimientos,TABLE,producto_id,2,NO,bigint,int8,bigint,,64,0,,,NO,,YES,inventario_movimientos_producto_id_fkey,public,productos,id
public,inventario_movimientos,TABLE,fecha,3,NO,timestamp without time zone,timestamp,timestamp without time zone(6),,,,6,,NO,,NO,,,,
public,inventario_movimientos,TABLE,tipo_movimiento,4,NO,character varying,varchar,character varying(20),20,,,,,NO,,NO,,,,
public,inventario_movimientos,TABLE,cantidad,5,NO,numeric,numeric,"numeric(14,2)",,14,2,,,NO,,NO,,,,
public,inventario_movimientos,TABLE,costo_unitario,6,NO,numeric,numeric,"numeric(14,4)",,14,4,,,NO,,NO,,,,
public,inventario_movimientos,TABLE,referencia_tipo,7,YES,character varying,varchar,character varying(30),30,,,,,NO,,NO,,,,
public,inventario_movimientos,TABLE,referencia_id,8,YES,bigint,int8,bigint,,64,0,,,NO,,NO,,,,
public,inventario_movimientos,TABLE,observacion,9,YES,text,text,text,,,,,,NO,,NO,,,,
public,movimientos_caja,TABLE,id,1,NO,bigint,int8,bigint,,64,0,,nextval('movimientos_caja_id_seq'::regclass),YES,movimientos_caja_pkey,NO,,,,
public,movimientos_caja,TABLE,caja_id,2,NO,bigint,int8,bigint,,64,0,,,NO,,YES,movimientos_caja_caja_id_fkey,public,cajas,id
public,movimientos_caja,TABLE,fecha,3,NO,timestamp without time zone,timestamp,timestamp without time zone(6),,,,6,,NO,,NO,,,,
public,movimientos_caja,TABLE,tipo_movimiento,4,NO,character varying,varchar,character varying(20),20,,,,,NO,,NO,,,,
public,movimientos_caja,TABLE,medio_pago,5,NO,character varying,varchar,character varying(20),20,,,,,NO,,NO,,,,
public,movimientos_caja,TABLE,monto,6,NO,numeric,numeric,"numeric(14,2)",,14,2,,,NO,,NO,,,,
public,movimientos_caja,TABLE,referencia_tipo,7,YES,character varying,varchar,character varying(30),30,,,,,NO,,NO,,,,
public,movimientos_caja,TABLE,referencia_id,8,YES,bigint,int8,bigint,,64,0,,,NO,,NO,,,,
public,movimientos_caja,TABLE,observacion,9,YES,text,text,text,,,,,,NO,,NO,,,,
public,notas_venta,TABLE,id,1,NO,bigint,int8,bigint,,64,0,,nextval('notas_venta_id_seq'::regclass),YES,notas_venta_pkey,NO,,,,
public,notas_venta,TABLE,numero,2,NO,character varying,varchar,character varying(50),50,,,,,NO,,NO,,,,
public,notas_venta,TABLE,fecha,3,NO,timestamp without time zone,timestamp,timestamp without time zone(6),,,,6,,NO,,NO,,,,
public,notas_venta,TABLE,cliente_id,4,YES,bigint,int8,bigint,,64,0,,,NO,,YES,notas_venta_cliente_id_fkey,public,clientes,id
public,notas_venta,TABLE,caja_id,5,YES,bigint,int8,bigint,,64,0,,,NO,,YES,notas_venta_caja_id_fkey,public,cajas,id
public,notas_venta,TABLE,tipo_pago,6,NO,character varying,varchar,character varying(20),20,,,,,NO,,NO,,,,
public,notas_venta,TABLE,estado,7,NO,character varying,varchar,character varying(20),20,,,,,NO,,NO,,,,
public,notas_venta,TABLE,subtotal_neto,8,NO,numeric,numeric,"numeric(14,2)",,14,2,,,NO,,NO,,,,
public,notas_venta,TABLE,descuento_total,9,NO,numeric,numeric,"numeric(14,2)",,14,2,,,NO,,NO,,,,
public,notas_venta,TABLE,total_neto,10,NO,numeric,numeric,"numeric(14,2)",,14,2,,,NO,,NO,,,,
public,notas_venta,TABLE,total_iva,11,NO,numeric,numeric,"numeric(14,2)",,14,2,,,NO,,NO,,,,
public,notas_venta,TABLE,total_total,12,NO,numeric,numeric,"numeric(14,2)",,14,2,,,NO,,NO,,,,
public,notas_venta,TABLE,observacion,13,YES,text,text,text,,,,,,NO,,NO,,,,
public,notas_venta,TABLE,usuario_emisor,14,YES,character varying,varchar,character varying(100),100,,,,,NO,,NO,,,,
public,notas_venta,TABLE,fecha_creacion,15,NO,timestamp without time zone,timestamp,timestamp without time zone(6),,,,6,,NO,,NO,,,,
public,notas_venta,TABLE,fecha_actualizacion,16,NO,timestamp without time zone,timestamp,timestamp without time zone(6),,,,6,,NO,,NO,,,,
public,notas_venta,TABLE,fecha_vencimiento,17,NO,date,date,date,,,,0,,NO,,NO,,,,
public,notas_venta_detalle,TABLE,id,1,NO,bigint,int8,bigint,,64,0,,nextval('notas_venta_detalle_id_seq'::regclass),YES,notas_venta_detalle_pkey,NO,,,,
public,notas_venta_detalle,TABLE,nota_venta_id,2,NO,bigint,int8,bigint,,64,0,,,NO,,YES,notas_venta_detalle_nota_venta_id_fkey,public,notas_venta,id
public,notas_venta_detalle,TABLE,producto_id,3,YES,bigint,int8,bigint,,64,0,,,NO,,YES,notas_venta_detalle_producto_id_fkey,public,productos,id
public,notas_venta_detalle,TABLE,descripcion,4,YES,character varying,varchar,character varying(250),250,,,,,NO,,NO,,,,
public,notas_venta_detalle,TABLE,cantidad,5,NO,numeric,numeric,"numeric(14,2)",,14,2,,,NO,,NO,,,,
public,notas_venta_detalle,TABLE,precio_unitario,6,NO,numeric,numeric,"numeric(14,2)",,14,2,,,NO,,NO,,,,
public,notas_venta_detalle,TABLE,descuento_porcentaje,7,NO,numeric,numeric,"numeric(5,2)",,5,2,,,NO,,NO,,,,
public,notas_venta_detalle,TABLE,descuento_monto,8,NO,numeric,numeric,"numeric(14,2)",,14,2,,,NO,,NO,,,,
public,notas_venta_detalle,TABLE,subtotal,9,NO,numeric,numeric,"numeric(14,2)",,14,2,,,NO,,NO,,,,
public,pagos_clientes,TABLE,id,1,NO,bigint,int8,bigint,,64,0,,nextval('pagos_clientes_id_seq'::regclass),YES,pagos_clientes_pkey,NO,,,,
public,pagos_clientes,TABLE,cuenta_cobrar_id,2,NO,bigint,int8,bigint,,64,0,,,NO,,YES,pagos_clientes_cuenta_cobrar_id_fkey,public,cuentas_por_cobrar,id
public,pagos_clientes,TABLE,fecha_pago,3,NO,timestamp without time zone,timestamp,timestamp without time zone(6),,,,6,,NO,,NO,,,,
public,pagos_clientes,TABLE,monto_pago,4,NO,numeric,numeric,"numeric(14,2)",,14,2,,,NO,,NO,,,,
public,pagos_clientes,TABLE,caja_id,6,YES,bigint,int8,bigint,,64,0,,,NO,,YES,pagos_clientes_caja_id_fkey,public,cajas,id
public,pagos_clientes,TABLE,referencia,7,YES,character varying,varchar,character varying(100),100,,,,,NO,,NO,,,,
public,pagos_clientes,TABLE,observacion,8,YES,text,text,text,,,,,,NO,,NO,,,,
public,pagos_clientes,TABLE,forma_pago,9,YES,text,text,text,,,,,,NO,,NO,,,,
public,pagos_proveedores,TABLE,id,1,NO,bigint,int8,bigint,,64,0,,nextval('pagos_proveedores_id_seq'::regclass),YES,pagos_proveedores_pkey,NO,,,,
public,pagos_proveedores,TABLE,cuenta_pagar_id,2,NO,bigint,int8,bigint,,64,0,,,NO,,YES,pagos_proveedores_cuenta_pagar_id_fkey,public,cuentas_por_pagar,id
public,pagos_proveedores,TABLE,fecha_pago,3,NO,timestamp without time zone,timestamp,timestamp without time zone(6),,,,6,,NO,,NO,,,,
public,pagos_proveedores,TABLE,monto_pago,4,NO,numeric,numeric,"numeric(14,2)",,14,2,,,NO,,NO,,,,
public,pagos_proveedores,TABLE,medio_pago,5,NO,character varying,varchar,character varying(20),20,,,,,NO,,NO,,,,
public,pagos_proveedores,TABLE,referencia,6,YES,character varying,varchar,character varying(100),100,,,,,NO,,NO,,,,
public,pagos_proveedores,TABLE,observacion,7,YES,text,text,text,,,,,,NO,,NO,,,,
public,productos,TABLE,id,1,NO,bigint,int8,bigint,,64,0,,nextval('productos_id_seq'::regclass),YES,productos_pkey,NO,,,,
public,productos,TABLE,codigo,2,NO,character varying,varchar,character varying(50),50,,,,,NO,,NO,,,,
public,productos,TABLE,nombre,3,NO,character varying,varchar,character varying(200),200,,,,,NO,,NO,,,,
public,productos,TABLE,descripcion,4,YES,text,text,text,,,,,,NO,,NO,,,,
public,productos,TABLE,categoria_id,5,YES,bigint,int8,bigint,,64,0,,,NO,,YES,productos_categoria_id_fkey,public,categorias_producto,id
public,productos,TABLE,unidad_medida_id,6,YES,bigint,int8,bigint,,64,0,,,NO,,YES,productos_unidad_medida_id_fkey,public,unidades_medida,id
public,productos,TABLE,precio_compra,7,NO,numeric,numeric,"numeric(14,2)",,14,2,,,NO,,NO,,,,
public,productos,TABLE,precio_venta,8,NO,numeric,numeric,"numeric(14,2)",,14,2,,,NO,,NO,,,,
public,productos,TABLE,stock_minimo,9,NO,numeric,numeric,"numeric(14,2)",,14,2,,,NO,,NO,,,,
public,productos,TABLE,stock_actual,10,NO,numeric,numeric,"numeric(14,2)",,14,2,,,NO,,NO,,,,
public,productos,TABLE,activo,11,NO,boolean,bool,boolean,,,,,,NO,,NO,,,,
public,productos,TABLE,fecha_creacion,12,NO,timestamp without time zone,timestamp,timestamp without time zone(6),,,,6,,NO,,NO,,,,
public,productos,TABLE,fecha_actualizacion,13,NO,timestamp without time zone,timestamp,timestamp without time zone(6),,,,6,,NO,,NO,,,,
public,productos,TABLE,codigo_barra,14,YES,character varying,varchar,character varying(80),80,,,,,NO,,NO,,,,
public,productos,TABLE,controla_stock,15,NO,boolean,bool,boolean,,,,,true,NO,,NO,,,,
public,productos,TABLE,permite_venta_fraccionada,16,NO,boolean,bool,boolean,,,,,false,NO,,NO,,,,
public,productos,TABLE,es_servicio,17,NO,boolean,bool,boolean,,,,,false,NO,,NO,,,,
public,proveedor,TABLE,id,1,NO,bigint,int8,bigint,,64,0,,nextval('proveedor_id_seq'::regclass),YES,proveedor_pkey,NO,,,,
public,proveedor,TABLE,rut,2,NO,character varying,varchar,character varying(20),20,,,,,NO,,NO,,,,
public,proveedor,TABLE,rut_normalizado,3,YES,character varying,varchar,character varying(20),20,,,,,NO,,NO,,,,
public,proveedor,TABLE,razon_social,4,NO,character varying,varchar,character varying(180),180,,,,,NO,,NO,,,,
public,proveedor,TABLE,nombre_fantasia,5,YES,character varying,varchar,character varying(180),180,,,,,NO,,NO,,,,
public,proveedor,TABLE,giro,6,YES,character varying,varchar,character varying(180),180,,,,,NO,,NO,,,,
public,proveedor,TABLE,email,7,YES,character varying,varchar,character varying(180),180,,,,,NO,,NO,,,,
public,proveedor,TABLE,telefono,8,YES,character varying,varchar,character varying(50),50,,,,,NO,,NO,,,,
public,proveedor,TABLE,sitio_web,9,YES,character varying,varchar,character varying(180),180,,,,,NO,,NO,,,,
public,proveedor,TABLE,condicion_pago_dias,10,NO,integer,int4,integer,,32,0,,30,NO,,NO,,,,
public,proveedor,TABLE,limite_credito,11,NO,numeric,numeric,"numeric(18,2)",,18,2,,0,NO,,NO,,,,
public,proveedor,TABLE,activo,12,NO,boolean,bool,boolean,,,,,true,NO,,NO,,,,
public,proveedor,TABLE,notas,13,YES,text,text,text,,,,,,NO,,NO,,,,
public,proveedor,TABLE,created_at,14,NO,timestamp with time zone,timestamptz,timestamp with time zone(6),,,,6,now(),NO,,NO,,,,
public,proveedor,TABLE,updated_at,15,NO,timestamp with time zone,timestamptz,timestamp with time zone(6),,,,6,now(),NO,,NO,,,,
public,proveedor_banco,TABLE,id,1,NO,bigint,int8,bigint,,64,0,,nextval('proveedor_banco_id_seq'::regclass),YES,proveedor_banco_pkey,NO,,,,
public,proveedor_banco,TABLE,proveedor_id,2,NO,bigint,int8,bigint,,64,0,,,NO,,NO,,,,
public,proveedor_banco,TABLE,banco,3,NO,character varying,varchar,character varying(120),120,,,,,NO,,NO,,,,
public,proveedor_banco,TABLE,tipo_cuenta,4,NO,character varying,varchar,character varying(60),60,,,,,NO,,NO,,,,
public,proveedor_banco,TABLE,numero_cuenta,5,NO,character varying,varchar,character varying(60),60,,,,,NO,,NO,,,,
public,proveedor_banco,TABLE,titular,6,YES,character varying,varchar,character varying(180),180,,,,,NO,,NO,,,,
public,proveedor_banco,TABLE,rut_titular,7,YES,character varying,varchar,character varying(20),20,,,,,NO,,NO,,,,
public,proveedor_banco,TABLE,email_pago,8,YES,character varying,varchar,character varying(180),180,,,,,NO,,NO,,,,
public,proveedor_banco,TABLE,es_principal,9,NO,boolean,bool,boolean,,,,,false,NO,,NO,,,,
public,proveedor_banco,TABLE,activo,10,NO,boolean,bool,boolean,,,,,true,NO,,NO,,,,
public,proveedor_banco,TABLE,created_at,11,NO,timestamp with time zone,timestamptz,timestamp with time zone(6),,,,6,now(),NO,,NO,,,,
public,proveedor_banco,TABLE,updated_at,12,NO,timestamp with time zone,timestamptz,timestamp with time zone(6),,,,6,now(),NO,,NO,,,,
public,proveedor_contacto,TABLE,id,1,NO,bigint,int8,bigint,,64,0,,nextval('proveedor_contacto_id_seq'::regclass),YES,proveedor_contacto_pkey,NO,,,,
public,proveedor_contacto,TABLE,proveedor_id,2,NO,bigint,int8,bigint,,64,0,,,NO,,NO,,,,
public,proveedor_contacto,TABLE,nombre,3,NO,character varying,varchar,character varying(120),120,,,,,NO,,NO,,,,
public,proveedor_contacto,TABLE,cargo,4,YES,character varying,varchar,character varying(120),120,,,,,NO,,NO,,,,
public,proveedor_contacto,TABLE,email,5,YES,character varying,varchar,character varying(180),180,,,,,NO,,NO,,,,
public,proveedor_contacto,TABLE,telefono,6,YES,character varying,varchar,character varying(50),50,,,,,NO,,NO,,,,
public,proveedor_contacto,TABLE,es_principal,7,NO,boolean,bool,boolean,,,,,false,NO,,NO,,,,
public,proveedor_contacto,TABLE,activo,8,NO,boolean,bool,boolean,,,,,true,NO,,NO,,,,
public,proveedor_contacto,TABLE,created_at,9,NO,timestamp with time zone,timestamptz,timestamp with time zone(6),,,,6,now(),NO,,NO,,,,
public,proveedor_contacto,TABLE,updated_at,10,NO,timestamp with time zone,timestamptz,timestamp with time zone(6),,,,6,now(),NO,,NO,,,,
public,proveedor_direccion,TABLE,id,1,NO,bigint,int8,bigint,,64,0,,nextval('proveedor_direccion_id_seq'::regclass),YES,proveedor_direccion_pkey,NO,,,,
public,proveedor_direccion,TABLE,proveedor_id,2,NO,bigint,int8,bigint,,64,0,,,NO,,NO,,,,
public,proveedor_direccion,TABLE,linea1,3,NO,character varying,varchar,character varying(180),180,,,,,NO,,NO,,,,
public,proveedor_direccion,TABLE,linea2,4,YES,character varying,varchar,character varying(180),180,,,,,NO,,NO,,,,
public,proveedor_direccion,TABLE,comuna,5,YES,character varying,varchar,character varying(120),120,,,,,NO,,NO,,,,
public,proveedor_direccion,TABLE,ciudad,6,YES,character varying,varchar,character varying(120),120,,,,,NO,,NO,,,,
public,proveedor_direccion,TABLE,region,7,YES,character varying,varchar,character varying(120),120,,,,,NO,,NO,,,,
public,proveedor_direccion,TABLE,pais,8,NO,character varying,varchar,character varying(120),120,,,,'Chile'::character varying,NO,,NO,,,,
public,proveedor_direccion,TABLE,codigo_postal,9,YES,character varying,varchar,character varying(20),20,,,,,NO,,NO,,,,
public,proveedor_direccion,TABLE,es_principal,10,NO,boolean,bool,boolean,,,,,false,NO,,NO,,,,
public,proveedor_direccion,TABLE,activo,11,NO,boolean,bool,boolean,,,,,true,NO,,NO,,,,
public,proveedor_direccion,TABLE,created_at,12,NO,timestamp with time zone,timestamptz,timestamp with time zone(6),,,,6,now(),NO,,NO,,,,
public,proveedor_direccion,TABLE,updated_at,13,NO,timestamp with time zone,timestamptz,timestamp with time zone(6),,,,6,now(),NO,,NO,,,,
public,proveedores,TABLE,id,1,NO,bigint,int8,bigint,,64,0,,nextval('proveedores_id_seq'::regclass),YES,proveedores_pkey,NO,,,,
public,proveedores,TABLE,rut,2,NO,character varying,varchar,character varying(20),20,,,,,NO,,NO,,,,
public,proveedores,TABLE,razon_social,3,NO,character varying,varchar,character varying(200),200,,,,,NO,,NO,,,,
public,proveedores,TABLE,nombre_fantasia,4,YES,character varying,varchar,character varying(200),200,,,,,NO,,NO,,,,
public,proveedores,TABLE,giro,5,YES,character varying,varchar,character varying(200),200,,,,,NO,,NO,,,,
public,proveedores,TABLE,direccion,6,YES,character varying,varchar,character varying(250),250,,,,,NO,,NO,,,,
public,proveedores,TABLE,comuna,7,YES,character varying,varchar,character varying(100),100,,,,,NO,,NO,,,,
public,proveedores,TABLE,ciudad,8,YES,character varying,varchar,character varying(100),100,,,,,NO,,NO,,,,
public,proveedores,TABLE,telefono,9,YES,character varying,varchar,character varying(50),50,,,,,NO,,NO,,,,
public,proveedores,TABLE,email,10,YES,character varying,varchar,character varying(150),150,,,,,NO,,NO,,,,
public,proveedores,TABLE,activo,11,NO,boolean,bool,boolean,,,,,,NO,,NO,,,,
public,proveedores,TABLE,fecha_creacion,12,NO,timestamp without time zone,timestamp,timestamp without time zone(6),,,,6,,NO,,NO,,,,
public,proveedores,TABLE,fecha_actualizacion,13,NO,timestamp without time zone,timestamp,timestamp without time zone(6),,,,6,,NO,,NO,,,,
public,tenant_domains,TABLE,id,1,NO,bigint,int8,bigint,,64,0,,nextval('tenant_domains_id_seq'::regclass),YES,tenant_domains_pkey,NO,,,,
public,tenant_domains,TABLE,tenant_id,2,NO,bigint,int8,bigint,,64,0,,,NO,,NO,,,,
public,tenant_domains,TABLE,domain,3,NO,character varying,varchar,character varying(255),255,,,,,NO,,NO,,,,
public,tenant_domains,TABLE,is_primary,4,NO,boolean,bool,boolean,,,,,false,NO,,NO,,,,
public,tenant_domains,TABLE,created_at,5,NO,timestamp with time zone,timestamptz,timestamp with time zone(6),,,,6,now(),NO,,NO,,,,
public,tenants,TABLE,id,1,NO,bigint,int8,bigint,,64,0,,nextval('tenants_id_seq'::regclass),YES,tenants_pkey,NO,,,,
public,tenants,TABLE,tenant_code,2,NO,character varying,varchar,character varying(60),60,,,,,NO,,NO,,,,
public,tenants,TABLE,tenant_name,3,NO,character varying,varchar,character varying(160),160,,,,,NO,,NO,,,,
public,tenants,TABLE,db_driver,4,NO,character varying,varchar,character varying(80),80,,,,'postgresql+psycopg'::character varying,NO,,NO,,,,
public,tenants,TABLE,db_host,5,NO,character varying,varchar,character varying(120),120,,,,,NO,,NO,,,,
public,tenants,TABLE,db_port,6,NO,integer,int4,integer,,32,0,,5432,NO,,NO,,,,
public,tenants,TABLE,db_name,7,NO,character varying,varchar,character varying(120),120,,,,,NO,,NO,,,,
public,tenants,TABLE,db_user,8,NO,character varying,varchar,character varying(120),120,,,,,NO,,NO,,,,
public,tenants,TABLE,db_password,9,NO,text,text,text,,,,,,NO,,NO,,,,
public,tenants,TABLE,db_sslmode,10,YES,character varying,varchar,character varying(20),20,,,,,NO,,NO,,,,
public,tenants,TABLE,is_active,11,NO,boolean,bool,boolean,,,,,true,NO,,NO,,,,
public,tenants,TABLE,created_at,12,NO,timestamp with time zone,timestamptz,timestamp with time zone(6),,,,6,now(),NO,,NO,,,,
public,tenants,TABLE,updated_at,13,NO,timestamp with time zone,timestamptz,timestamp with time zone(6),,,,6,now(),NO,,NO,,,,
public,unidades_medida,TABLE,id,1,NO,bigint,int8,bigint,,64,0,,nextval('unidades_medida_id_seq'::regclass),YES,unidades_medida_pkey,NO,,,,
public,unidades_medida,TABLE,codigo,2,NO,character varying,varchar,character varying(20),20,,,,,NO,,NO,,,,
public,unidades_medida,TABLE,nombre,3,NO,character varying,varchar,character varying(100),100,,,,,NO,,NO,,,,
public,unidades_medida,TABLE,simbolo,4,YES,character varying,varchar,character varying(20),20,,,,,NO,,NO,,,,
public,unidades_medida,TABLE,activo,5,NO,boolean,bool,boolean,,,,,,NO,,NO,,,,
public,unidades_medida,TABLE,fecha_creacion,6,NO,timestamp without time zone,timestamp,timestamp without time zone(6),,,,6,,NO,,NO,,,,
public,vw_ap_aging,VIEW,proveedor_id,1,YES,bigint,int8,bigint,,64,0,,,NO,,NO,,,,
public,vw_ap_aging,VIEW,razon_social,2,YES,character varying,varchar,character varying(180),180,,,,,NO,,NO,,,,
public,vw_ap_aging,VIEW,documento_id,3,YES,bigint,int8,bigint,,64,0,,,NO,,NO,,,,
public,vw_ap_aging,VIEW,tipo,4,YES,USER-DEFINED,ap_documento_tipo,USER-DEFINED::ap_documento_tipo,,,,,,NO,,NO,,,,
public,vw_ap_aging,VIEW,folio,5,YES,character varying,varchar,character varying(40),40,,,,,NO,,NO,,,,
public,vw_ap_aging,VIEW,fecha_emision,6,YES,date,date,date,,,,0,,NO,,NO,,,,
public,vw_ap_aging,VIEW,fecha_vencimiento,7,YES,date,date,date,,,,0,,NO,,NO,,,,
public,vw_ap_aging,VIEW,total,8,YES,numeric,numeric,"numeric(18,2)",,18,2,,,NO,,NO,,,,
public,vw_ap_aging,VIEW,saldo_pendiente,9,YES,numeric,numeric,"numeric(18,2)",,18,2,,,NO,,NO,,,,
public,vw_ap_aging,VIEW,dias_vencido,10,YES,integer,int4,integer,,32,0,,,NO,,NO,,,,
public,vw_ap_aging,VIEW,tramo,11,YES,text,text,text,,,,,,NO,,NO,,,,
public,vw_ap_ranking_proveedores,VIEW,proveedor_id,1,YES,bigint,int8,bigint,,64,0,,,NO,,NO,,,,
public,vw_ap_ranking_proveedores,VIEW,razon_social,2,YES,character varying,varchar,character varying(180),180,,,,,NO,,NO,,,,
public,vw_ap_ranking_proveedores,VIEW,compras_total,3,YES,numeric,numeric,numeric,,,,,,NO,,NO,,,,
public,vw_ap_ranking_proveedores,VIEW,saldo_pendiente,4,YES,numeric,numeric,numeric,,,,,,NO,,NO,,,,
public,vw_ap_resumen_proveedor,VIEW,proveedor_id,1,YES,bigint,int8,bigint,,64,0,,,NO,,NO,,,,
public,vw_ap_resumen_proveedor,VIEW,razon_social,2,YES,character varying,varchar,character varying(180),180,,,,,NO,,NO,,,,
public,vw_ap_resumen_proveedor,VIEW,docs_con_saldo,3,YES,bigint,int8,bigint,,64,0,,,NO,,NO,,,,
public,vw_ap_resumen_proveedor,VIEW,saldo_total,4,YES,numeric,numeric,numeric,,,,,,NO,,NO,,,,
public,vw_ap_resumen_proveedor,VIEW,saldo_vencido,5,YES,numeric,numeric,numeric,,,,,,NO,,NO,,,,
public,vw_ap_resumen_proveedor,VIEW,saldo_por_vencer,6,YES,numeric,numeric,numeric,,,,,,NO,,NO,,,,
public,vw_gastos_mensual_categoria,VIEW,mes,1,YES,date,date,date,,,,0,,NO,,NO,,,,
public,vw_gastos_mensual_categoria,VIEW,categoria_id,2,YES,bigint,int8,bigint,,64,0,,,NO,,NO,,,,
public,vw_gastos_mensual_categoria,VIEW,categoria_codigo,3,YES,character varying,varchar,character varying(30),30,,,,,NO,,NO,,,,
public,vw_gastos_mensual_categoria,VIEW,categoria_nombre,4,YES,character varying,varchar,character varying(160),160,,,,,NO,,NO,,,,
public,vw_gastos_mensual_categoria,VIEW,categoria_tipo,5,YES,USER-DEFINED,fin_tipo_gasto,USER-DEFINED::fin_tipo_gasto,,,,,,NO,,NO,,,,
public,vw_gastos_mensual_categoria,VIEW,total_gasto,6,YES,numeric,numeric,numeric,,,,,,NO,,NO,,,,
